{
  "integrations": [
    {
      "id": "8a72af50-c835-4f39-80f7-35fff2fce391",
      "name": "Add subgroups",
      "action": "RUN_SCRIPT",
      "type": "OUTBOUND_WEBHOOK",
      "triggeredBy": "STATUS",
      "deployed": true,
      "form": "0c0f7a0a-2461-4c3d-a14f-40e90b114e12",
      "script": "\r\n//Parse the payload payload\r\nvar payload = JSON.parse(request.body);\r\n\r\nif (payload.eventProperties && Array.isArray(payload.eventProperties)) {\r\n    var eventProperties = payload.eventProperties;\r\n    payload.eventProperties = {};\r\n\r\n    for (var i = 0; i < eventProperties.length; i++) {\r\n        var eventProperty = eventProperties[i];\r\n        var key = Object.keys(eventProperty)[0];\r\n        payload.eventProperties[key] = eventProperty[key];\r\n    }\r\n}\r\n\r\nvar gName = payload.eventProperties['Group Name'];\r\nvar subGroup = payload.eventProperties['Sub Group Name/s'];\r\n//var people = payload.eventProperties.People;\r\n//var devices = payload.eventProperties.Devices;\r\n\r\nif (payload.status == \"active\"){\r\n\r\nvar request = http.request({ \r\n     \"endpoint\": \"xMatters\",\r\n     \"path\": \"/api/xm/1/groups/\" + gName + \"/shifts\",\r\n     \"method\": \"GET\"\r\n });\r\n\r\nvar response = request.write();\r\n\r\nif (response.statusCode == 200 ) {\r\n   json = JSON.parse(response.body);\r\n   console.log(\"Retrieved \" + json.count + \" of \" +json.total + \" shifts\");\r\n   \r\nvar json, l, i, j, x = \"\";\r\nfor (i in json.data) {\r\n    x += json.data[i].group.targetName;\r\n    x += json.data[i].name;\r\n    for (j in json.data[i].id) {\r\n    x += json.data[i].id[j];\r\n    }\r\n}\r\n   console.log(\"Shift ID: \" + json.data[i].id);\r\n}\r\n   var shiftID = json.data[i].id;\r\n\r\n}\r\n\r\n/**loop through the subGroups**/\r\nvar subGroupArray = subGroup.split(\",\");\r\n\r\n/**looping through the group Names**/\r\nfor(var i=0;i<subGroupArray.length;i++){\r\n\r\n/**Get group ID's**/\r\nvar request = http.request({ \r\n     \"endpoint\": \"xMatters\",\r\n     \"path\": \"/api/xm/1/groups/\" + subGroupArray[i],\r\n     \"method\": \"GET\"\r\n });\r\n\r\nvar response = request.write();\r\n\r\nif (response.statusCode == 200 ) {\r\n   json = JSON.parse(response.body);\r\n   console.log(\"Retrieved group: \" + json.targetName + \". ID = \" + json.id);\r\n}\r\n\r\nvar subGroupID = json.id;\r\n\r\n/**add subgroups to primary group**/\r\nvar request = http.request({ \r\n     \"endpoint\": \"xMatters\",\r\n     //\"path\": \"/api/xm/1/groups/\" + gName + \"/shifts/Default%20Shift/members\",\r\n     \"path\": \"/api/xm/1/groups/\" + gName + \"/shifts/\" + shiftID + \"/members\",     \r\n     \"method\": \"POST\",\r\n     \"headers\" : {\"Content-Type\": \"application/json\"}\r\n });\r\n\r\nvar data = {};\r\nvar memberInfo = {};\r\nmemberInfo.id = subGroupID;\r\nmemberInfo.recipientType = \"GROUP\";\r\ndata.recipient = memberInfo;\r\n\r\nresponse = request.write(data);\r\n\r\nif (response.statusCode == 200) {\r\n   json = JSON.parse(response.body);\r\n   console.log( \"Added member: \" + json.recipient.id);\r\n}\r\n}\r\n",
      "environment": "HOSTED"
    },
    {
      "id": "5a257105-13d1-43fd-b7c7-8ae5c1fe3907",
      "name": "Add users to group",
      "action": "RUN_SCRIPT",
      "type": "OUTBOUND_WEBHOOK",
      "triggeredBy": "STATUS",
      "deployed": true,
      "form": "0d3f909c-c2e8-40a2-9450-cfaf6d8f99e4",
      "script": "\r\n//Parse the payload payload\r\nvar payload = JSON.parse(request.body);\r\n\r\nif (payload.eventProperties && Array.isArray(payload.eventProperties)) {\r\n    var eventProperties = payload.eventProperties;\r\n    payload.eventProperties = {};\r\n\r\n    for (var i = 0; i < eventProperties.length; i++) {\r\n        var eventProperty = eventProperties[i];\r\n        var key = Object.keys(eventProperty)[0];\r\n        payload.eventProperties[key] = eventProperty[key];\r\n    }\r\n}\r\n\r\nvar gName = payload.eventProperties['Group Name'];\r\nvar people = payload.eventProperties.People;\r\n//var people = payload.eventProperties.People;\r\n//var devices = payload.eventProperties.Devices;\r\n\r\nif (payload.status == \"active\"){\r\n\r\nvar request = http.request({ \r\n     \"endpoint\": \"xMatters\",\r\n     \"path\": \"/api/xm/1/groups/\" + gName + \"/shifts\",\r\n     \"method\": \"GET\"\r\n });\r\n\r\nvar response = request.write();\r\n\r\nif (response.statusCode == 200 ) {\r\n   json = JSON.parse(response.body);\r\n   console.log(\"Retrieved \" + json.count + \" of \" +json.total + \" shifts\");\r\n   \r\nvar json, l, i, j, x = \"\";\r\nfor (i in json.data) {\r\n    x += json.data[i].group.targetName;\r\n    x += json.data[i].name;\r\n    for (j in json.data[i].id) {\r\n    x += json.data[i].id[j];\r\n    }\r\n}\r\n   console.log(\"Shift ID: \" + json.data[i].id);\r\n}\r\n   var shiftID = json.data[i].id;\r\n\r\n}\r\n\r\n/**loop through the subGroups**/\r\nvar peopleArray = people.split(\",\");\r\n\r\n/**looping through the group Names**/\r\nfor(var i=0;i<peopleArray.length;i++){\r\n\r\n/**Get group ID's**/\r\nvar request = http.request({ \r\n     \"endpoint\": \"xMatters\",\r\n     \"path\": \"/api/xm/1/people/\" + peopleArray[i],\r\n     \"method\": \"GET\"\r\n });\r\n\r\nvar response = request.write();\r\n\r\nif (response.statusCode == 200 ) {\r\n   json = JSON.parse(response.body);\r\n   console.log( \"Retrieved person \" + json.targetName + \". ID = \" + json.id );\r\n}\r\n\r\nvar peopleID = json.id;\r\n\r\n/**add subgroups to primary group**/\r\nvar request = http.request({ \r\n     \"endpoint\": \"xMatters\",\r\n     //\"path\": \"/api/xm/1/groups/\" + gName + \"/shifts/Default%20Shift/members\",\r\n     \"path\": \"/api/xm/1/groups/\" + gName + \"/shifts/\" + shiftID + \"/members\",     \r\n     \"method\": \"POST\",\r\n     \"headers\" : {\"Content-Type\": \"application/json\"}\r\n });\r\n\r\nvar data = {};\r\nvar memberInfo = {};\r\nmemberInfo.id = peopleID;\r\nmemberInfo.recipientType = \"PERSON\";\r\ndata.recipient = memberInfo;\r\n\r\nresponse = request.write(data);\r\n\r\nif (response.statusCode == 200) {\r\n   json = JSON.parse(response.body);\r\n   console.log( \"Added member: \" + json.recipient.id);\r\n}\r\n}\r\n\r\n",
      "environment": "HOSTED"
    },
    {
      "id": "bee45836-356b-4505-83c9-0f0ab3758299",
      "name": "Bulk delete inbound",
      "action": "CREATE_EVENT",
      "type": "INBOUND_WEBHOOK",
      "deployed": true,
      "form": "8eaf5172-17c4-4fe5-a06e-59da1537ae8d",
      "script": "\r\n//Parse the payload payload\r\nvar payload = JSON.parse(request.body);\r\n\r\nif (payload.eventProperties && Array.isArray(payload.eventProperties)) {\r\n    var eventProperties = payload.eventProperties;\r\n    payload.eventProperties = {};\r\n\r\n    for (var i = 0; i < eventProperties.length; i++) {\r\n        var eventProperty = eventProperties[i];\r\n        var key = Object.keys(eventProperty)[0];\r\n        payload.eventProperties[key] = eventProperty[key];\r\n    }\r\n}\r\n\r\nvar userName = payload.eventProperties.userName;\r\n\r\nif (payload.status == \"active\"){\r\n\r\n/**loop through the userName**/\r\nvar userNameArray = userName.split(\",\");\r\n\r\nfor(var i=0;i<userNameArray.length;i++){\r\n\r\n/**Get User ID's**/\r\nvar request = http.request({ \r\n     \"endpoint\": \"xMatters\",\r\n     \"path\": \"/api/xm/1/people/\" + userNameArray[i],\r\n     \"method\": \"GET\"\r\n });\r\n\r\nvar response = request.write();\r\n\r\nif (response.statusCode == 200 ) {\r\n   json = JSON.parse(response.body);\r\n   console.log( \"Retrieved person \" + json.targetName + \". ID = \" + json.id );\r\n}\r\n\r\nvar userNameID = json.id;\r\n\r\n/**Delete user ID's**/\r\nvar request = http.request({ \r\n     \"endpoint\": \"xMatters\",\r\n     \"path\": \"/api/xm/1/people/\" +  userNameID,\r\n     \"method\": \"DELETE\"\r\n });\r\n\r\nresponse = request.write();\r\nconsole.log (response.statusCode);\r\n\r\nif (response.statusCode == 200){\r\n    json = JSON.parse(response.body);\r\n    console.log(\"Deleted the person: \" + json.targetName);\r\n    output += json.targetName+\"\\n\\r\";\r\n}\r\nelse if (response.statusCode == 204){\r\n    console.log(\"The person \" + personName + \" could not be found.\");\r\n}\r\n\ttrigger.properties.userName = output;\r\n\r\n\tconsole.log(JSON.stringify(trigger,null,2));\r\n\r\n\tform.post(trigger);\r\n\r\n}\r\n\r\n",
      "environment": "HOSTED"
    },
    {
      "id": "3afab6fd-079e-4ce8-90fc-787bfaa1c40f",
      "name": "Bulk delete to inbound",
      "action": "SEND_WEBHOOK",
      "type": "OUTBOUND_WEBHOOK",
      "triggeredBy": "STATUS",
      "endpointName": "xMatters",
      "endpointPath": "/api/integration/1/functions/bee45836-356b-4505-83c9-0f0ab3758299/triggers?apiKey=f9022094-5a5a-4ad6-aada-517d3a4bd519",
      "deployed": false,
      "form": "8eaf5172-17c4-4fe5-a06e-59da1537ae8d",
      "script": "var req = http.request({\n    method: 'POST',\n    endpoint: endpointname,\n    path: endpointpath,\n    headers: {\n        'Content-Type': 'application/json',\n    }\n});\nvar response = req.write(request.body);\n\n// If not 2xx response, throw exception to fail the integration\nif (response.statusCode >= 300) {\n    throw \"Failed to make call to \" + endpointUrl + \". Server responded with status \" + response.statusCode;\n}\n",
      "environment": "HOSTED"
    },
    {
      "id": "c27c52cb-cd32-4327-a004-e2d79a40f67a",
      "name": "Bulk Delete Users",
      "action": "RUN_SCRIPT",
      "type": "OUTBOUND_WEBHOOK",
      "triggeredBy": "STATUS",
      "deployed": true,
      "form": "8eaf5172-17c4-4fe5-a06e-59da1537ae8d",
      "script": "\r\n//Parse the payload payload\r\nvar payload = JSON.parse(request.body);\r\n\r\nif (payload.eventProperties && Array.isArray(payload.eventProperties)) {\r\n    var eventProperties = payload.eventProperties;\r\n    payload.eventProperties = {};\r\n\r\n    for (var i = 0; i < eventProperties.length; i++) {\r\n        var eventProperty = eventProperties[i];\r\n        var key = Object.keys(eventProperty)[0];\r\n        payload.eventProperties[key] = eventProperty[key];\r\n    }\r\n}\r\n\r\nvar userName = payload.eventProperties.userName;\r\n\r\nif (payload.status == \"active\"){\r\n\r\n/**loop through the userName**/\r\nvar userNameArray = userName.split(\",\");\r\n\r\nfor(var i=0;i<userNameArray.length;i++){\r\n\r\n/**Get User ID's**/\r\nvar request = http.request({ \r\n     \"endpoint\": \"xMatters\",\r\n     \"path\": \"/api/xm/1/people/\" + userNameArray[i],\r\n     \"method\": \"GET\"\r\n });\r\n\r\nvar response = request.write();\r\n\r\nif (response.statusCode == 200 ) {\r\n   json = JSON.parse(response.body);\r\n   console.log( \"Retrieved person \" + json.targetName + \". ID = \" + json.id );\r\n}\r\n\r\nvar userNameID = json.id;\r\n\r\n///**loop through the userName**/\r\n//var userNameIDArray = userNameID.split(\",\");\r\n//\r\n//for(var i=0;i<userNameIDArray.length;i++){\r\n\r\n/**Delete user ID's**/\r\nvar request = http.request({ \r\n     \"endpoint\": \"xMatters\",\r\n     \"path\": \"/api/xm/1/people/\" +  userNameID,\r\n     \"method\": \"DELETE\"\r\n });\r\n\r\nresponse = request.write();\r\nconsole.log (response.statusCode);\r\n\r\nif (response.statusCode == 200){\r\n    json = JSON.parse(response.body);\r\n    console.log(\"Deleted the person: \" + json.targetName);\r\n}\r\nelse if (response.statusCode == 204){\r\n    console.log(\"The person \" + json.targetName + \" could not be found.\");\r\n}\r\n}\r\n}\r\n",
      "environment": "HOSTED"
    },
    {
      "id": "dcb12237-df5c-4aef-8536-bb3ad09ffa07",
      "name": "Change User Status",
      "action": "RUN_SCRIPT",
      "type": "OUTBOUND_WEBHOOK",
      "triggeredBy": "STATUS",
      "deployed": true,
      "form": "66a103c4-fa29-4d6c-b097-696e93409d7f",
      "script": "\r\n//Parse the payload payload\r\nvar payload = JSON.parse(request.body);\r\n\r\nif (payload.eventProperties && Array.isArray(payload.eventProperties)) {\r\n    var eventProperties = payload.eventProperties;\r\n    payload.eventProperties = {};\r\n\r\n    for (var i = 0; i < eventProperties.length; i++) {\r\n        var eventProperty = eventProperties[i];\r\n        var key = Object.keys(eventProperty)[0];\r\n        payload.eventProperties[key] = eventProperty[key];\r\n    }\r\n}\r\n\r\n    var userStatus = payload.eventProperties.userStatus;\r\n    var userName = payload.eventProperties.userName;\r\n\r\nif (payload.status == \"active\"){\r\n    \r\n\r\n//***\r\n/**loop through the subGroups**/\r\nvar userNameArray = userName.split(\",\");\r\n\r\n/**looping through the group Names**/\r\nfor(var i=0;i<userNameArray.length;i++){\r\n\r\n/**Get group ID's**/\r\nvar request = http.request({ \r\n     \"endpoint\": \"xMatters\",\r\n     \"path\": \"/api/xm/1/people/\" + userNameArray[i],\r\n     \"method\": \"GET\"\r\n });\r\n\r\nvar response = request.write();\r\n\r\nif (response.statusCode == 200 ) {\r\n   json = JSON.parse(response.body);\r\n   console.log( \"Retrieved person \" + json.targetName + \". ID = \" + json.id );\r\n}\r\n\r\nvar userNameID = json.id;\r\n//***\r\n\r\nvar request = http.request({ \r\n     \"endpoint\": \"xMatters\",\r\n     \"path\": \"/api/xm/1/people\",\r\n     \"method\": \"POST\",\r\n     \"headers\" : {\"Content-Type\": \"application/json\"}\r\n });\r\n\r\n\r\nvar data = {};\r\ndata.id = userNameID;\r\ndata.status = userStatus;\r\n\r\nresponse = request.write(data);\r\n\r\nif (response.statusCode == 200) {\r\n   json = JSON.parse(response.body);\r\n   console.log( \"Modified user: \" + json.targetName + \". ID = \"+ userNameID + \" to \" + userStatus);\r\n}\r\n}\r\n}\r\n",
      "environment": "HOSTED"
    },
    {
      "id": "ec7b19f2-d817-4712-8523-ab70655ebefd",
      "name": "Create Group",
      "action": "RUN_SCRIPT",
      "type": "OUTBOUND_WEBHOOK",
      "triggeredBy": "STATUS",
      "deployed": false,
      "form": "cb2742e7-4025-4f9d-a8a7-3a9560578331",
      "script": "\r\n//Parse the payload payload\r\nvar payload = JSON.parse(request.body);\r\n\r\nif (payload.eventProperties && Array.isArray(payload.eventProperties)) {\r\n    var eventProperties = payload.eventProperties;\r\n    payload.eventProperties = {};\r\n\r\n    for (var i = 0; i < eventProperties.length; i++) {\r\n        var eventProperty = eventProperties[i];\r\n        var key = Object.keys(eventProperty)[0];\r\n        payload.eventProperties[key] = eventProperty[key];\r\n    }\r\n}\r\nif (payload.status == \"active\"){\r\n    \r\n    var desc = payload.eventProperties.description;\r\n    var gStatus = payload.eventProperties['Group Status'];\r\n    var observedByAll = payload.eventProperties.observedByAll;\r\n    var groupName = payload.eventProperties.groupName;\r\n    var useDefaultDevices = payload.eventProperties.useDefaultDevices;\r\n\r\nvar request = http.request({ \r\n     \"endpoint\": \"xMatters\",\r\n     \"path\": \"/api/xm/1/groups/\",\r\n     \"method\": \"POST\",\r\n     \"headers\" : {\"Content-Type\": \"application/json\"}\r\n });\r\n\r\nvar data = {};\r\ndata.recipientType = 'GROUP';\r\ndata.targetName = groupName;\r\ndata.status = gStatus;\r\ndata.allowDuplicates = false;\r\ndata.useDefaultDevices = useDefaultDevices;\r\ndata.observedByAll = observedByAll;\r\ndata.description = desc;\r\nvar supervisors = [];\r\n//drydenw\r\nsupervisors.push(\"d9ddf5bc-e875-497d-977f-cf170588bacf\");\r\n//maon\r\nsupervisors.push(\"ec859b67-a41e-4d0c-bf57-3f59ad14b6ca\");\r\n//ranas1\r\nsupervisors.push(\"fca92d69-def8-4346-9420-31e67af3abd4\");\r\n//bunneyr\r\nsupervisors.push(\"4a9c1f62-cefe-4677-842e-c2dc5fcdfec1\");\r\n//dabholkd\r\nsupervisors.push(\"a15ffa6a-eace-4d3f-af70-25357815f0c7\");\r\n//srinivaa\r\nsupervisors.push(\"e385e0b1-cca7-4fb0-8fa6-ab0d5ec6387f\");\r\n//kooverjp\r\nsupervisors.push(\"14e9b182-b97b-4447-827e-30de1e6f7f7b\");\r\n//vov2\r\nsupervisors.push(\"d2de5bdc-a3c9-428a-9f42-e86d194331be\");\r\n//trann3\r\nsupervisors.push(\"5f1417fb-3319-4176-a3ff-99df645205c5\");\r\n//wilkeym\r\nsupervisors.push(\"107fcca1-4839-4762-91b4-c3cd713c3b5c\");\r\n//vukasovs\r\nsupervisors.push(\"68d67505-3043-431c-b602-dd8189d4fe65\");\r\ndata.supervisors = supervisors;\r\n\r\nresponse = request.write(data);\r\n\r\nif (response.statusCode == 201) {\r\n   json = JSON.parse(response.body);\r\n   console.log( \"Created group: \" + json.targetName + \". ID = \"+ json.id);\r\n\r\n} else if(payload.status == \"terminated\"){\r\n    console.log('Event Terminated. No message created');\r\n} else if(payload.status == \"terminated_external\"){\r\n     console.log('Event Terminated. No message created');\r\n} else {\r\n    console.log('No message created for event status ' + payload.status);\r\n}\r\n}\r\n",
      "environment": "HOSTED"
    },
    {
      "id": "3c4ee2e4-feed-43e6-95a0-ddc1fa20210a",
      "name": "Customer Event Opt In/Out",
      "action": "RUN_SCRIPT",
      "type": "OUTBOUND_WEBHOOK",
      "triggeredBy": "STATUS",
      "deployed": true,
      "form": "d571ff62-6aff-4d8f-ba3f-aa8557d70382",
      "script": "\r\n//Parse the payload payload\r\nvar payload = JSON.parse(request.body);\r\n\r\nif (payload.eventProperties && Array.isArray(payload.eventProperties)) {\r\n    var eventProperties = payload.eventProperties;\r\n    payload.eventProperties = {};\r\n\r\n    for (var i = 0; i < eventProperties.length; i++) {\r\n        var eventProperty = eventProperties[i];\r\n        var key = Object.keys(eventProperty)[0];\r\n        payload.eventProperties[key] = eventProperty[key];\r\n    }\r\n}\r\nif (payload.status == \"active\"){\r\n    \r\nvar userArray = [];\r\nif(!!payload.eventProperties.userName){\r\n               userArray = payload.eventProperties.userName.split(\",\");\r\n}\r\nconsole.log(userArray);\r\n\r\nfor(var i=0;i<userArray.length;i++){\r\n\r\n//Get group ID\r\nvar request = http.request({ \r\n     \"endpoint\": \"xMatters\",\r\n     \"path\": \"/api/xm/1/people/\" + userArray[i],\r\n     \"method\": \"GET\"\r\n });\r\n\r\nvar response = request.write();\r\n\r\n    if (response.statusCode == 200 ) {\r\n        json = JSON.parse(response.body);\r\n        console.log(\". ID = \" + json.id);\r\n}\r\n\r\nvar request = http.request({ \r\n     \"endpoint\": \"xMatters\",\r\n     \"path\": \"/api/xm/1/people\",\r\n     \"method\": \"POST\",\r\n     \"headers\" : {\"Content-Type\": \"application/json\"}\r\n });\r\n\r\n\r\nvar data = {};\r\ndata.id = json.id;\r\nvar properties = {};\r\n//Command Centre opt in/out\r\nproperties['Customer Event Alerts'] = payload.eventProperties['Customer Events'];\r\n\r\ndata.properties = properties;\r\n\r\nresponse = request.write(data);\r\n\r\nif (response.statusCode == 200) {\r\n   json = JSON.parse(response.body);\r\n   console.log( \"Modified user: \" + json.targetName + \". ID = \"+ json.id);\r\n}\r\n}\r\n}",
      "environment": "HOSTED"
    },
    {
      "id": "e94adf2f-f906-4241-9874-8c95281023e2",
      "name": "Get Event Data",
      "action": "RUN_SCRIPT",
      "type": "OUTBOUND_WEBHOOK",
      "triggeredBy": "STATUS",
      "deployed": true,
      "form": "aa43c67a-9fd9-4221-a106-dabc2f64d326",
      "script": "\nvar callback = JSON.parse(request.body);\nconsole.log('Executing outbound integration for xMatters event ID: ' + callback.eventIdentifier);\n\n// Convert list of event properties to an eventProperties object\nif (callback.eventProperties && Array.isArray(callback.eventProperties)) {\n    var eventProperties = callback.eventProperties;\n    callback.eventProperties = {};\n\n    for (var i = 0; i < eventProperties.length; i++) {\n        var eventProperty = eventProperties[i];\n        var key = Object.keys(eventProperty)[0];\n        callback.eventProperties[key] = eventProperty[key];\n    }\n}\n\nif (callback.status == \"active\") {\n\n//var searchCritera = 'propertyName=Notification%20Type&propertyValue=UPDATE&status=ACTIVE';\n\nvar type = [\"UPDATE\", \"NOTIFICATION\"];\n//var type = [\"NOTIFICATION\"];\nvar typeString = type.toString();\nvar typeArray = typeString.split(\",\");\nfor(var i=0;i<typeArray.length;i++){\n\n//var searchCritera = \"propertyName=Technically%20restored,Notification%20Type&propertyValue=No,\" + typeArray[i];\nvar searchCritera = \"propertyName=Notification%20Type&propertyValue=\" + typeArray[i];\n//var searchCritera = \"propertyName=Notification%20Type&propertyValue=UPDATE\" || \"propertyName=Notification%20Type&propertyValue=NOTIFICATION\";\n\nvar request = http.request({ \n     \"endpoint\": \"xMatters\",\n     \"path\": \"/api/xm/1/events?\" + searchCritera + \"&status=ACTIVE&sortBy=START_TIME&sortOrder=ASCENDING&embed=properties\",\n     \"method\": \"GET\",\n     //\"autoEncodeURI\": false\n });\n\nvar response = request.write();\n\nif (response.statusCode == 200 ) {\n   var json = JSON.parse(response.body);\n   //console.log(\"Count: \" + json.count + \"\\nTotal: \" +json.total);\n   \n   var json, i, x = \"\";\nfor (i in json.data) {\n    x += \"<h2>\" + json.data[i].properties['Impacted Service'] + \"</h2>\";\n    x += json.data[i].properties['Next Update#en'] + \"<br>\";\n    x += json.data[i].properties['SDM Ticket Number'] + \"<br>\";\n    x += json.data[i].eventId + \"<br>\";\n    for (var j in json.data[i].name) {\n        x += json.data[i].name[j];\n//var ename = json.data[i].name;\n}\n\n\n\nif (json.data[i].properties['Next Update#en'] != \"None\") {\n    \nconsole.log(\"SDM: \" + json.data[i].properties['SDM Ticket Number'] + \" Impacted Service: \" + json.data[i].properties['Impacted Service'] + \" Next Update: \" + json.data[i].properties['Next Update#en']);\n//console.log(\"Data: \" + json.data[i].name + \" Impacted Service: \" + json.data[i].properties['Impacted Service']);\n\n}\n}\n}\n}\n}",
      "environment": "HOSTED"
    },
    {
      "id": "7f061488-9e7d-41e4-973f-6ce712d38fc3",
      "name": "Get events",
      "action": "RUN_SCRIPT",
      "type": "OUTBOUND_WEBHOOK",
      "triggeredBy": "STATUS",
      "deployed": false,
      "form": "cd83234f-7201-4072-b79b-92e396833246",
      "script": "\r\n//Parse the payload payload\r\nvar payload = JSON.parse(request.body);\r\n\r\nif (payload.eventProperties && Array.isArray(payload.eventProperties)) {\r\n    var eventProperties = payload.eventProperties;\r\n    payload.eventProperties = {};\r\n\r\n    for (var i = 0; i < eventProperties.length; i++) {\r\n        var eventProperty = eventProperties[i];\r\n        var key = Object.keys(eventProperty)[0];\r\n        payload.eventProperties[key] = eventProperty[key];\r\n    }\r\n}\r\nif (payload.status == \"active\"){\r\n    var form = payload.eventProperties.form;\r\n\r\nvar request = http.request({ \r\n     \"endpoint\": \"xMatters\",\r\n     \"path\": \"/api/xm/1/events?embed=properties\",\r\n     \"method\": \"GET\"\r\n });\r\n\r\nvar response = request.write();\r\n\r\nif (response.statusCode == 200 ) {\r\n   json = JSON.parse(response.body);\r\n   console.log(\"Retrieved events: \" + json.count);\r\n}\r\n}\r\n/*\r\n// Prepare the HTTP response request\r\nvar request = http.request({\r\n    'endpoint': 'xMatters',\r\n    'method': 'POST',\r\n    'path': constants.UserUUID,\r\n    'headers': {\r\n        'Content-Type': 'application/json'\r\n    }\r\n});\r\nvar json = JSON.stringify({\r\n            \"properties\": {\r\n                \"userName\": admins,\r\n                \"UUID\": json.id\r\n            },\r\n            \"recipients\": [\r\n                {\r\n                \"targetName\": 'drydenw'\r\n                }\r\n            ]\r\n        });\r\n        request.write(json);\r\n\r\n} else if(payload.status == \"terminated\"){\r\n    console.log('Event Terminated. No message created');\r\n} else if(payload.status == \"terminated_external\"){\r\n     console.log('Event Terminated. No message created');\r\n} else {\r\n    console.log('No message created for event status ' + callback.status);\r\n}\r\n*/",
      "environment": "HOSTED"
    },
    {
      "id": "990d767c-15c0-4289-b1ad-35520c0a8e56",
      "name": "Get group supers",
      "action": "RUN_SCRIPT",
      "type": "OUTBOUND_WEBHOOK",
      "triggeredBy": "STATUS",
      "deployed": true,
      "form": "6968b5c9-5e21-4ba0-9eea-934783ea2781",
      "script": "\r\n//Parse the payload payload\r\nvar payload = JSON.parse(request.body);\r\n\r\nif (payload.eventProperties && Array.isArray(payload.eventProperties)) {\r\n    var eventProperties = payload.eventProperties;\r\n    payload.eventProperties = {};\r\n\r\n    for (var i = 0; i < eventProperties.length; i++) {\r\n        var eventProperty = eventProperties[i];\r\n        var key = Object.keys(eventProperty)[0];\r\n        payload.eventProperties[key] = eventProperty[key];\r\n    }\r\n}\r\n\r\nvar gName = payload.eventProperties.groupName;\r\n\r\nif (payload.status == \"active\"){\r\n\r\n/**Get group ID's**/\r\nvar request = http.request({ \r\n  \"endpoint\": \"xMatters\",\r\n  \"path\": \"/api/xm/1/groups/\" + gName + \"/supervisors\",\r\n  \"method\": \"GET\"\r\n });\r\n\r\nvar response = request.write();\r\n\r\nif (response.statusCode == 200 ) {\r\n   json = JSON.parse(response.body);\r\n   console.log( \"Retrieved \" + json.count + \" of \" + json.total + \" supervisors.\" );\r\n   for (var i in json.data ) {\r\n     console.log(\"Group Name: \" + \"Supervisor: \" + json.data[i].targetName + \" ID: \" + json.data[i].id);\r\n  }\r\n}\r\n\r\n}\r\n",
      "environment": "HOSTED"
    },
    {
      "id": "6e71a1ad-a856-43ec-9f7f-221d0429bb25",
      "name": "Get User device data",
      "action": "RUN_SCRIPT",
      "type": "OUTBOUND_WEBHOOK",
      "triggeredBy": "STATUS",
      "deployed": true,
      "form": "d74d7c5c-b700-496a-8b8f-eaa7cee66e00",
      "script": "\nvar payload = JSON.parse(request.body);\n\n/**\n * Form properties are included in the payload when they are marked as\n * 'Include in Outbound Integrations' on the form layout.\n *\n * This code shows how to transform the eventProperties object so that\n * you can access form properties using dot notation, and then shows\n * how to access the values of form properties named TicketId and Description.\n */\nif (payload.eventProperties && Array.isArray(payload.eventProperties)) {\n    var eventProperties = payload.eventProperties;\n    payload.eventProperties = {};\n\n    for (var i = 0; i < eventProperties.length; i++) {\n        var eventProperty = eventProperties[i];\n        var key = Object.keys(eventProperty)[0];\n        payload.eventProperties[key] = eventProperty[key];\n    }\n}\n\nvar userName = payload.eventProperties.userName;\n\nvar request = http.request({ \n     \"endpoint\": \"xMatters\",\n     \"path\": \"/api/xm/1/people/\" + userName + \"/devices\",\n     \"method\": \"GET\"\n });\n\nvar response = request.write();\n\nif (response.statusCode == 200 ) {\n   json = JSON.parse(response.body);\n   console.log(json);\n}",
      "environment": "HOSTED"
    },
    {
      "id": "083ed70b-32c9-4854-a4a8-5d8a0b5d215f",
      "name": "Get User Groups",
      "action": "RUN_SCRIPT",
      "type": "OUTBOUND_WEBHOOK",
      "triggeredBy": "STATUS",
      "deployed": true,
      "form": "db263de9-eddf-40d6-8eea-c93e7f675bb8",
      "script": "\r\n//Parse the payload payload\r\nvar payload = JSON.parse(request.body);\r\n\r\nif (payload.eventProperties && Array.isArray(payload.eventProperties)) {\r\n    var eventProperties = payload.eventProperties;\r\n    payload.eventProperties = {};\r\n\r\n    for (var i = 0; i < eventProperties.length; i++) {\r\n        var eventProperty = eventProperties[i];\r\n        var key = Object.keys(eventProperty)[0];\r\n        payload.eventProperties[key] = eventProperty[key];\r\n    }\r\n}\r\nif (payload.status == \"active\"){\r\n\r\nvar userArray = payload.eventProperties.userName.split(\",\");\r\n\r\nconsole.log(userArray);\r\n\r\nfor(var i=0;i<userArray.length;i++){\r\n\r\nvar request = http.request({ \r\n     \"endpoint\": \"xMatters\",\r\n     \"path\": \"/api/xm/1/people/\" + userArray[i]  + \"/group-memberships\",\r\n     \"method\": \"GET\"\r\n });\r\n\r\nvar response = request.write();\r\n\r\nif (response.statusCode == 200) \r\n{\r\n   json = JSON.parse(response.body);\r\n   console.log ('Retrieving group memberships for: ' + userArray[i]);\r\n   for (var i in json.data)\r\n   {\r\n       console.log('User belongs to group \"' + json.data[i].group.targetName  + '\" as a \"' + json.data[i].member.recipientType + '\" named \"' + json.data[i].member.targetName + '\"');\r\n   }\r\n}\r\n}\r\n}\r\n    \r\n\r\n/*\r\n//loop through the groups\r\nvar gNameArray = gName.split(\",\");\r\n\r\n// looping through the group Names\r\nfor(var i=0;i<gNameArray.length;i++){\r\n    \r\n    var request = http.request({ \r\n         \"endpoint\": \"xMatters\",\r\n         \"path\": \"/api/xm/1/groups/\" + gNameArray[i],\r\n         \"method\": \"GET\"\r\n     });\r\n \r\n    var response = request.write();\r\n\r\n    if (response.statusCode == 200 ) {\r\n       json = JSON.parse(response.body);\r\n       console.log(\"Retrieved group: \" + json.targetName + \". ID = \" + json.id);\r\n    }\r\n    \r\n    var groupID = json.id;\r\n    \r\n}\r\n\r\n\r\n/*\r\n// Prepare the HTTP response request\r\nvar request = http.request({\r\n    'endpoint': 'xMatters',\r\n    'method': 'POST',\r\n    'path': '/reapi/2015-04-01/forms/78279066-3fd3-4955-b13a-0e9afc1f2d97/triggers',\r\n    'headers': {\r\n        'Content-Type': 'application/json'\r\n    }\r\n});\r\n\r\n    var json = JSON.stringify({\r\n        \"properties\": {\r\n            \"count\": count ,\r\n            \"total\": total ,\r\n            //\"targetname\": payload.eventProperties.data.group.targetname ,\r\n            //\"userName\": payload.eventProperties.data.member.targetname ,\r\n            //\"firstName\": payload.eventProperties.data.member.firstName ,            \r\n            //\"lastName\": payload.eventProperties.data.member.lastName\r\n            }\r\n    });\r\n\r\n    // trigger the second message\r\n    request.write(json);\r\n    */\r\n\r\n\r\n/*\r\n   console.log ('Retrieving group memberships for: ' + userName);\r\n   for (var i in json.data)\r\n   {\r\n       console.log('User belongs to the following groups \"' + json.data[i].group.targetName +'\"');\r\n   }\r\n}\r\n\r\nvar userGroups = json.data[i].group.targetName;\r\n\r\n// Prepare the HTTP response request\r\nvar request = http.request({\r\n    'endpoint': 'xMatters',\r\n    'method': 'POST',\r\n    'path': constants.inboundURL,\r\n    'headers': {\r\n        'Content-Type': 'application/json'\r\n    }\r\n});\r\n\r\n        request.write(json);\r\n\r\n} else if(payload.status == \"terminated\"){\r\n    console.log('Event Terminated. No message created');\r\n} else if(payload.status == \"terminated_external\"){\r\n     console.log('Event Terminated. No message created');\r\n} else {\r\n    console.log('No message created for event status ' + callback.status);\r\n}\r\n*/",
      "environment": "HOSTED"
    },
    {
      "id": "ece166ed-2d1e-47cf-b0e4-e796811c3c89",
      "name": "Health Report Opt In/Out",
      "action": "RUN_SCRIPT",
      "type": "OUTBOUND_WEBHOOK",
      "triggeredBy": "STATUS",
      "deployed": true,
      "form": "51f603fd-37e7-43c3-acef-40dc809ddebc",
      "script": "\r\n//Parse the payload payload\r\nvar payload = JSON.parse(request.body);\r\n\r\nif (payload.eventProperties && Array.isArray(payload.eventProperties)) {\r\n    var eventProperties = payload.eventProperties;\r\n    payload.eventProperties = {};\r\n\r\n    for (var i = 0; i < eventProperties.length; i++) {\r\n        var eventProperty = eventProperties[i];\r\n        var key = Object.keys(eventProperty)[0];\r\n        payload.eventProperties[key] = eventProperty[key];\r\n    }\r\n}\r\nif (payload.status == \"active\"){\r\n    \r\nvar userArray = [];\r\nif(!!payload.eventProperties.userName){\r\n               userArray = payload.eventProperties.userName.split(\",\");\r\n}\r\nconsole.log(userArray);\r\n\r\nfor(var i=0;i<userArray.length;i++){\r\n\r\n//Get group ID\r\nvar request = http.request({ \r\n     \"endpoint\": \"xMatters\",\r\n     \"path\": \"/api/xm/1/people/\" + userArray[i],\r\n     \"method\": \"GET\"\r\n });\r\n\r\nvar response = request.write();\r\n\r\n    if (response.statusCode == 200 ) {\r\n        json = JSON.parse(response.body);\r\n        console.log(\". ID = \" + json.id);\r\n}\r\n\r\nvar request = http.request({ \r\n     \"endpoint\": \"xMatters\",\r\n     \"path\": \"/api/xm/1/people\",\r\n     \"method\": \"POST\",\r\n     \"headers\" : {\"Content-Type\": \"application/json\"}\r\n });\r\n\r\n\r\nvar data = {};\r\ndata.id = json.id;\r\nvar properties = {};\r\n//Command Centre opt in/out\r\nproperties['Intra-Day Health Reports'] = payload.eventProperties['Health reports'];\r\nproperties['Customer Event Alerts'] = payload.eventProperties['Customer Events'];\r\nproperties['RLO Weekend Escalation'] = payload.eventProperties['RLO Escalation Report'];\r\nproperties['Tech Change Notification'] = payload.eventProperties['Tech Change'];\r\n//Admin Use Only\r\nproperties.Division = payload.eventProperties.Division;\r\nproperties['Team Name'] = payload.eventProperties['Team Name'];\r\nproperties['Generic User'] = payload.eventProperties['Generic User'];\r\n\r\ndata.properties = properties;\r\n\r\nresponse = request.write(data);\r\n\r\nif (response.statusCode == 200) {\r\n   json = JSON.parse(response.body);\r\n   console.log( \"Modified user: \" + json.targetName + \". ID = \"+ json.id);\r\n}\r\n}\r\n}",
      "environment": "HOSTED"
    },
    {
      "id": "046e859f-bffd-457e-b129-1bf68d136c2b",
      "name": "Modify default device",
      "action": "RUN_SCRIPT",
      "type": "OUTBOUND_WEBHOOK",
      "triggeredBy": "STATUS",
      "deployed": true,
      "form": "d51a2555-c4c8-4961-9407-8b5b33abf5e2",
      "script": "\r\n//Parse the payload payload\r\nvar payload = JSON.parse(request.body);\r\n\r\nif (payload.eventProperties && Array.isArray(payload.eventProperties)) {\r\n    var eventProperties = payload.eventProperties;\r\n    payload.eventProperties = {};\r\n\r\n    for (var i = 0; i < eventProperties.length; i++) {\r\n        var eventProperty = eventProperties[i];\r\n        var key = Object.keys(eventProperty)[0];\r\n        payload.eventProperties[key] = eventProperty[key];\r\n    }\r\n}\r\nif (payload.status == \"active\"){\r\nvar userArray = payload.eventProperties.userName.split(\",\");\r\n\r\nconsole.log(userArray);\r\n\r\nfor(var i=0;i<userArray.length;i++){\r\n\r\nvar request = http.request({ \r\n     \"endpoint\": \"xMatters\",\r\n     \"path\": \"/api/xm/1/people/\" + userArray[i] + \"/devices\",\r\n     \"method\": \"GET\"\r\n });\r\n\r\nvar response = request.write();\r\n\r\nif (response.statusCode == 200 ) {\r\n   json = JSON.parse(response.body);\r\n   console.log( \"Retrieved  \" + json.count + \" of \" + json.total + \" devices.\" );\r\n}\r\n}\r\n\r\n} else if(payload.status == \"terminated\"){\r\n    console.log('Event Terminated. No message created');\r\n} else if(payload.status == \"terminated_external\"){\r\n     console.log('Event Terminated. No message created');\r\n} else {\r\n    console.log('No message created for event status ' + callback.status);\r\n}\r\n",
      "environment": "HOSTED"
    },
    {
      "id": "4b90782b-bbb6-4ac3-b36e-a6cffa75a836",
      "name": "Modify Groups",
      "action": "RUN_SCRIPT",
      "type": "OUTBOUND_WEBHOOK",
      "triggeredBy": "STATUS",
      "deployed": true,
      "form": "d60ecf07-0400-4f89-90e7-fb024598f54d",
      "script": "\r\n//Parse the payload payload\r\nvar payload = JSON.parse(request.body);\r\n\r\nif (payload.eventProperties && Array.isArray(payload.eventProperties)) {\r\n    var eventProperties = payload.eventProperties;\r\n    payload.eventProperties = {};\r\n\r\n    for (var i = 0; i < eventProperties.length; i++) {\r\n        var eventProperty = eventProperties[i];\r\n        var key = Object.keys(eventProperty)[0];\r\n        payload.eventProperties[key] = eventProperty[key];\r\n    }\r\n}\r\nif (payload.status == \"active\"){\r\n\r\nvar gName = payload.eventProperties.groupName;\r\nvar gdescription = payload.eventProperties.description;\r\nvar observedByAll = payload.eventProperties.observedByAll;\r\nvar gstatus = payload.eventProperties['Group Status'];\r\n\r\n//loop through the groups\r\nvar gNameArray = gName.split(\",\");\r\n\r\n// looping through the group Names\r\nfor(var i=0;i<gNameArray.length;i++){\r\n    \r\n    var request = http.request({ \r\n         \"endpoint\": \"xMatters\",\r\n         \"path\": \"/api/xm/1/groups/\" + gNameArray[i],\r\n         \"method\": \"GET\"\r\n     });\r\n \r\n    var response = request.write();\r\n\r\n    if (response.statusCode !== 200 ) {\r\n       json = JSON.parse(response.body);\r\n       console.log(\"Retrieved group: \" + json.targetName + \". ID = \" + json.id);\r\n    }\r\n    \r\n    var groupID = json.id;\r\n\r\n\r\n//Lee's changes\r\n\r\n//append to superviser list\r\nvar supervisors = [];\r\n//drydenw\r\nsupervisors.push(\"d9ddf5bc-e875-497d-977f-cf170588bacf\");\r\n//maon\r\nsupervisors.push(\"ec859b67-a41e-4d0c-bf57-3f59ad14b6ca\");\r\n//ranas1\r\nsupervisors.push(\"fca92d69-def8-4346-9420-31e67af3abd4\");\r\n//bunneyr\r\nsupervisors.push(\"4a9c1f62-cefe-4677-842e-c2dc5fcdfec1\");\r\n//dabholkd\r\nsupervisors.push(\"a15ffa6a-eace-4d3f-af70-25357815f0c7\");\r\n//srinivaa\r\nsupervisors.push(\"e385e0b1-cca7-4fb0-8fa6-ab0d5ec6387f\");\r\n//kooverjp\r\nsupervisors.push(\"14e9b182-b97b-4447-827e-30de1e6f7f7b\");\r\n//vov2\r\nsupervisors.push(\"d2de5bdc-a3c9-428a-9f42-e86d194331be\");\r\n//trann3\r\nsupervisors.push(\"5f1417fb-3319-4176-a3ff-99df645205c5\");\r\n//wilkeym\r\nsupervisors.push(\"107fcca1-4839-4762-91b4-c3cd713c3b5c\");\r\n//vukasovs\r\nsupervisors.push(\"68d67505-3043-431c-b602-dd8189d4fe65\");\r\n\r\n\r\n// var supervisersCSV = \"kooverjp\";\r\nvar superArray = [];\r\nif(!!payload.eventProperties.supervisors){\r\n               superArray = payload.eventProperties.supervisors.split(\",\");\r\n}\r\nconsole.log(superArray);\r\n\r\nfor(var i=0;i<superArray.length;i++){\r\n\r\n    var request = http.request({ \r\n         \"endpoint\": \"xMatters\",\r\n         \"path\": \"/api/xm/1/people/\" + superArray[i],\r\n         \"method\": \"GET\"\r\n     });\r\n    \r\n    var response = request.write();\r\n    \r\n    if (response.statusCode == 200 ) {\r\n        json = JSON.parse(response.body);\r\n        console.log(\". ID = \" + json.id);\r\n        //console.log(json.id);\r\n    \r\n        supervisors.push(json.id);\r\n    }\r\n    \r\n   \r\n}\r\nconsole.log(supervisors);\r\n\r\n//var allSupers = supervisors.concat(superArray);\r\n\r\n\r\n\r\n\r\n//loop through the groups\r\nvar gNameArray = gName.split(\",\");\r\n\r\n// looping through the group Names\r\nfor(var i=0;i<gNameArray.length;i++){\r\n    \r\n    var request = http.request({ \r\n         \"endpoint\": \"xMatters\",\r\n         \"path\": \"/api/xm/1/groups/\" + gNameArray[i],\r\n         \"method\": \"GET\"\r\n     });\r\n \r\n    var response = request.write();\r\n\r\n    if (response.statusCode == 200 ) {\r\n       json = JSON.parse(response.body);\r\n       console.log(\"Retrieved group: \" + json.targetName + \". ID = \" + json.id);\r\n    }\r\n    \r\n    var groupID = json.id;\r\n\r\n    var request = http.request({ \r\n         \"endpoint\": \"xMatters\",\r\n         \"path\": \"/api/xm/1/groups/\",\r\n         \"method\": \"POST\",\r\n         \"headers\" : {\"Content-Type\": \"application/json\"}\r\n     });\r\n    \r\n    var data = {};\r\n    data.recipientType = 'GROUP';\r\n    data.id = groupID;\r\n    data.status = gstatus;\r\n    data.description = gdescription;\r\n    data.observedByAll = observedByAll;\r\n    data.allowDuplicates = false;\r\n    data.useDefaultDevices = false;\r\n    // var supervisors = [];\r\n    // //drydenw\r\n    // supervisors.push(\"d9ddf5bc-e875-497d-977f-cf170588bacf\");\r\n    // //maon\r\n    // supervisors.push(\"ec859b67-a41e-4d0c-bf57-3f59ad14b6ca\");\r\n    // //ranas1\r\n    // supervisors.push(\"fca92d69-def8-4346-9420-31e67af3abd4\");\r\n    // //bunneyr\r\n    // supervisors.push(\"4a9c1f62-cefe-4677-842e-c2dc5fcdfec1\");\r\n    // //dabholkd\r\n    // supervisors.push(\"a15ffa6a-eace-4d3f-af70-25357815f0c7\");\r\n    // //srinivaa\r\n    // supervisors.push(\"e385e0b1-cca7-4fb0-8fa6-ab0d5ec6387f\");\r\n    // //kooverjp\r\n    // supervisors.push(\"14e9b182-b97b-4447-827e-30de1e6f7f7b\");\r\n    // //vov2\r\n    // supervisors.push(\"d2de5bdc-a3c9-428a-9f42-e86d194331be\");\r\n    // //trann3\r\n    // supervisors.push(\"5f1417fb-3319-4176-a3ff-99df645205c5\");\r\n    // //wilkeym\r\n    // supervisors.push(\"107fcca1-4839-4762-91b4-c3cd713c3b5c\");\r\n    // //vukasovs\r\n    // supervisors.push(\"68d67505-3043-431c-b602-dd8189d4fe65\");\r\n    data.supervisors = supervisors;\r\n    \r\n    response = request.write(data);\r\n    \r\n    if (response.statusCode == 200){\r\n        json = JSON.parse(response.body);\r\n        console.log(\"Modified group: \" + json.targetName + \". New supervisor: \" + supervisors);\r\n    }\r\n        \r\n}\r\n//*/\r\n\r\n\r\n/*\r\nvar request = http.request({ \r\n     \"endpoint\": \"xMatters\",\r\n     \"path\": \"/api/xm/1/groups/\" + gName,\r\n     \"method\": \"GET\"\r\n });\r\n\r\n\r\nvar response = request.write();\r\n\r\nif (response.statusCode == 200 ) {\r\n   json = JSON.parse(response.body);\r\n   console.log(\"Retrieved group: \" + json.targetName + \". ID = \" + json.id);\r\n}\r\n\r\n\r\nvar groupID = json.id;\r\n\r\nvar request = http.request({ \r\n     \"endpoint\": \"xMatters\",\r\n     \"path\": \"/api/xm/1/groups/\",\r\n     \"method\": \"POST\",\r\n     \"headers\" : {\"Content-Type\": \"application/json\"}\r\n });\r\n\r\nvar data = {};\r\ndata.recipientType = 'GROUP';\r\ndata.id = groupID;\r\ndata.status = gstatus;\r\ndata.description = gdescription;\r\ndata.observedByAll = observedByAll;\r\ndata.allowDuplicates = false;\r\ndata.useDefaultDevices = true;\r\nvar supervisors = [];\r\n//drydenw\r\nsupervisors.push(\"d9ddf5bc-e875-497d-977f-cf170588bacf\");\r\n//maon\r\nsupervisors.push(\"ec859b67-a41e-4d0c-bf57-3f59ad14b6ca\");\r\n//ranas1\r\nsupervisors.push(\"fca92d69-def8-4346-9420-31e67af3abd4\");\r\n//bunneyr\r\nsupervisors.push(\"4a9c1f62-cefe-4677-842e-c2dc5fcdfec1\");\r\n//dabholkd\r\nsupervisors.push(\"a15ffa6a-eace-4d3f-af70-25357815f0c7\");\r\n//srinivaa\r\nsupervisors.push(\"e385e0b1-cca7-4fb0-8fa6-ab0d5ec6387f\");\r\n//kooverjp\r\nsupervisors.push(\"14e9b182-b97b-4447-827e-30de1e6f7f7b\");\r\n//vov2\r\nsupervisors.push(\"d2de5bdc-a3c9-428a-9f42-e86d194331be\");\r\n//trann3\r\nsupervisors.push(\"5f1417fb-3319-4176-a3ff-99df645205c5\");\r\n//wilkeym\r\nsupervisors.push(\"107fcca1-4839-4762-91b4-c3cd713c3b5c\");\r\n//vukasovs\r\nsupervisors.push(\"68d67505-3043-431c-b602-dd8189d4fe65\");\r\ndata.supervisors = supervisors;\r\n\r\nresponse = request.write(data);\r\n\r\nif (response.statusCode == 200){\r\n    json = JSON.parse(response.body);\r\n    console.log(\"Modified group: \" + json.targetName + \". New supervisor: \" + supervisors);\r\n}\r\n//*/\r\n}\r\n\r\n\r\n/*\r\n// Prepare the HTTP response request\r\nvar request = http.request({\r\n    'endpoint': 'xMatters',\r\n    'method': 'POST',\r\n    'path': constants.APIFormURL,\r\n    'headers': {\r\n        'Content-Type': 'application/json'\r\n    }\r\n});\r\nvar json = JSON.stringify({\r\n            \"properties\": {\r\n                \"Name\": supervisors,\r\n                \"Groups\": 'User added as supervisor to group: ' + payload.eventProperties['Group Name']\r\n            },\r\n            \"recipients\": [\r\n                {\r\n                \"targetName\": 'drydenw'\r\n                }\r\n            ]\r\n        });\r\n        request.write(json);\r\n      */  \r\n/*} else if(payload.status == \"terminated\"){\r\n    console.log('Event Terminated. No message created');\r\n} else if(payload.status == \"terminated_external\"){\r\n     console.log('Event Terminated. No message created');\r\n}*/",
      "environment": "HOSTED"
    },
    {
      "id": "fc83b040-efe6-4cbb-aa1a-13caef108fed",
      "name": "No device response",
      "action": "CREATE_EVENT",
      "type": "INBOUND_WEBHOOK",
      "deployed": true,
      "form": "f8a6a45d-ec43-4919-b5a0-bf45a6d83e77",
      "script": "\nvar request = http.request({ \n     \"endpoint\": \"xMatters\",\n     \"path\": \"/api/xm/1/people?\",\n     \"method\": \"GET\"\n });\n\nvar response = request.write();\nvar output = \"\";\n\nif (response.statusCode == 200 ) {\n   json = JSON.parse(response.body);\n\n      var user = null;\n   for(var i=0;i<json.count;i++){\n       user = json.data[i];\n     var request = http.request({ \n     \"endpoint\": \"xMatters\",\n     \"path\": \"/api/xm/1/people/\" + user.id + \"/devices\",\n     \"method\": \"GET\"\n  });\n\nvar response = request.write();\n\nif (response.statusCode == 200 ) {\n    userGroupData = JSON.parse(response.body);\n           if(userGroupData.count === 0){\n               output += user.targetName+\"\\n\\r\";\n           }\n           \n}\n}\n}\n\ntrigger.properties['Users No Devices'] = output;\n\nconsole.log(JSON.stringify(trigger,null,2));\n\nform.post(trigger);\n",
      "environment": "HOSTED"
    },
    {
      "id": "ec27f43a-a96d-4fc4-9eac-7711b3fdb819",
      "name": "No devices send to inbound",
      "action": "SEND_WEBHOOK",
      "type": "OUTBOUND_WEBHOOK",
      "triggeredBy": "STATUS",
      "endpointName": "xMatters",
      "endpointPath": "/api/integration/1/functions/67ba0b23-1659-444f-b43b-d557900a1dce/triggers?apiKey=839966c4-773b-49aa-97d3-e55b65b4187e",
      "deployed": true,
      "form": "91d3654b-eebb-4039-b76e-04bda3db0ec4",
      "script": "var req = http.request({\n    method: 'POST',\n    endpoint: endpointname,\n    path: endpointpath,\n    headers: {\n        'Content-Type': 'application/json',\n    }\n});\nvar response = req.write(request.body);\n\n// If not 2xx response, throw exception to fail the integration\nif (response.statusCode >= 300) {\n    throw \"Failed to make call to \" + endpointUrl + \". Server responded with status \" + response.statusCode;\n}\n",
      "environment": "HOSTED"
    },
    {
      "id": "69ed04c4-781a-40a1-a023-556cca56bb9c",
      "name": "No Groups",
      "action": "CREATE_EVENT",
      "type": "INBOUND_WEBHOOK",
      "deployed": false,
      "form": "63659820-a971-4bd4-bc2a-c2dd08a47f02",
      "script": "\r\nvar payload = JSON.parse(request.body);\r\n//removed semi-colon\r\nif (payload.status == \"active\"){\r\n\t    \r\n\tvar request = http.request({ \r\n\t     \"endpoint\": \"xMatters\",\r\n\t     \"path\": \"/api/xm/1/people?\",\r\n\t     \"method\": \"GET\"\r\n\t });\r\n\r\n\tvar response = request.write();\r\n\tvar output = \"\";\r\n\r\n\tif (response.statusCode == 200 ) {\r\n\t   json = JSON.parse(response.body);\r\n\r\n\t      var user = null;\r\n\t   for(var i=0;i<json.count;i++){\r\n\t       user = json.data[i];\r\n\t     var request = http.request({ \r\n\t     \"endpoint\": \"xMatters\",\r\n\t     \"path\": \"/api/xm/1/people/\" + user.id + \"/group-memberships\",\r\n\t     \"method\": \"GET\"\r\n\t  });\r\n\r\n\tvar response = request.write();\r\n\r\n\tif (response.statusCode == 200 ) {\r\n\t    userGroupData = JSON.parse(response.body);\r\n\t           if(userGroupData.count === 0){\r\n\t               output += user.targetName+\"\\n\\r\";\r\n\t           }\r\n\r\n\t\t\t}\r\n\t\t}\r\n\t}\r\n\r\n\t//move within the if statement\r\n\ttrigger.properties['Users No Group'] = output;\r\n\r\n\tconsole.log(JSON.stringify(trigger,null,2));\r\n\r\n\tform.post(trigger);\r\n\r\n}\r\n\r\n\r\n\r\n\r\n",
      "environment": "HOSTED"
    },
    {
      "id": "67ba0b23-1659-444f-b43b-d557900a1dce",
      "name": "No Groups new",
      "action": "CREATE_EVENT",
      "type": "INBOUND_WEBHOOK",
      "deployed": true,
      "form": "78279066-3fd3-4955-b13a-0e9afc1f2d97",
      "script": "var payload;\n\n// If your payload is posted as JSON\npayload = JSON.parse(request.body);\n\nif (payload.eventProperties && Array.isArray(payload.eventProperties)) {\n    var eventProperties = payload.eventProperties;\n    payload.eventProperties = {};\n    for (var i = 0; i < eventProperties.length; i++) {\n        var eventProperty = eventProperties[i];\n        var key = Object.keys(eventProperty)[0];\n        payload.eventProperties[key] = eventProperty[key];\n    }\n}\n\nvar userName = payload.eventProperties.data.member.targetname;\n\n//console.log;('Count: ' + payload.eventProperties.count);\n//console.log;('Total: ' + payload.eventProperties.total);\nconsole.log;('userName: ' + userName);\n/*\nconsole.log;('firstName: ' + payload.eventProperties.data.member.firstName);\nconsole.log;('lastName: ' + payload.eventProperties.data.member.lastName);\nconsole.log;('targetname: ' + payload.eventProperties.data.group.targetname);\n*/\nif (payload.status == \"active\") {\n /*\n trigger.properties.count = payload.eventProperties.count ;\n trigger.properties.total = payload.eventProperties.total ;\n trigger.properties.targetname = payload.eventProperties.data.group.targetname ;\n trigger.properties.userName = payload.eventProperties.data.member.targetname ;\n trigger.properties.firstName = payload.eventProperties.data.member.firstName ;\n trigger.properties.lastName = payload.eventProperties.data.member.lastName ;\n */\n\n\n// Define recipients\nvar recipients = [];\n// Add a recipient targeting a user or group\nrecipients.push({\n    'targetName': 'drydenw'\n});\n\ntrigger.recipients = recipients;\n\n// Post trigger to form\n form.post(trigger);\n}",
      "environment": "HOSTED"
    },
    {
      "id": "ceb84175-8336-459c-af3e-db5343311cc7",
      "name": "No Groups to inbound",
      "action": "SEND_WEBHOOK",
      "type": "OUTBOUND_WEBHOOK",
      "triggeredBy": "STATUS",
      "endpointName": "xMatters",
      "endpointPath": "/api/integration/1/functions/69ed04c4-781a-40a1-a023-556cca56bb9c/triggers?apiKey=7ffd30ca-e939-442c-9970-ef205dcf651e",
      "deployed": true,
      "form": "62e4b136-c986-489d-8bd8-6e1a224ab8bf",
      "script": "var req = http.request({\n    method: 'POST',\n    endpoint: endpointname,\n    path: endpointpath,\n    headers: {\n        'Content-Type': 'application/json',\n    }\n});\nvar response = req.write(request.body);\n\n// If not 2xx response, throw exception to fail the integration\nif (response.statusCode >= 300) {\n    throw \"Failed to make call to \" + endpointUrl + \". Server responded with status \" + response.statusCode;\n}\n",
      "environment": "HOSTED"
    },
    {
      "id": "27e017f0-b3ca-41ef-aacf-36c7ffec7173",
      "name": "Populate user email field",
      "action": "RUN_SCRIPT",
      "type": "OUTBOUND_WEBHOOK",
      "triggeredBy": "STATUS",
      "deployed": false,
      "form": "b490618a-edc3-4946-89bf-26c38cb96bb9",
      "script": "\r\n//Parse the payload payload\r\nvar payload = JSON.parse(request.body);\r\n\r\nif (payload.eventProperties && Array.isArray(payload.eventProperties)) {\r\n    var eventProperties = payload.eventProperties;\r\n    payload.eventProperties = {};\r\n\r\n    for (var i = 0; i < eventProperties.length; i++) {\r\n        var eventProperty = eventProperties[i];\r\n        var key = Object.keys(eventProperty)[0];\r\n        payload.eventProperties[key] = eventProperty[key];\r\n    }\r\n}\r\n\r\nvar userName = payload.eventProperties.userName;\r\n\r\nif (payload.status == \"active\"){\r\n\r\n/**loop through the subGroups**/\r\nvar userNameArray = userName.split(\",\");\r\n\r\n/**looping through the group Names**/\r\nfor(var i=0;i<userNameArray.length;i++){\r\n\r\nvar request = http.request({ \r\n     \"endpoint\": \"xMatters\",\r\n     \"path\": \"/api/xm/1/people/\" + userNameArray[i] + \"/devices\",\r\n     \"method\": \"GET\"\r\n });\r\n\r\nvar response = request.write();\r\n\r\nif (response.statusCode == 200 ) {\r\n   json = JSON.parse(response.body);\r\n   //if(json.data[i].name === \"Work Email\"){\r\n\t               //output += json.data[i].emailAddress+\"\\n\\r\";\r\n\t           //}\r\n   //console.log( \"Retrieved  \" + json.count + \" of \" + json.total + \" devices.\" );\r\n/*\r\nvar json, i, j, x = \"\";\r\nfor (i in json.data) {\r\n    x += json.data[i].owner.targetName;\r\n    x += json.data[i].name;\r\n    x += json.data[i].deviceType;\r\n    x += json.data[i].emailAddress;\r\n    for (j in json.data[i].id) {\r\n    x += json.data[i].id[j];\r\n    }\r\n}\r\n*/\r\n   //console.log(\"User Name: \" + json.data[i].owner.targetName + \" Email Address: \" + json.data[i].deviceType);\r\n   //console.log(\"User Name: \" + json.data[i].owner.targetName);\r\n   //console.log(json.data[i].emailAddress);\r\n   //console.log(JSON.stringify(json.data[i].name + \" \" + json.data[i].description,null,2));\r\n   //console.log( \"Email Address: \" + json.data[i].emailAddress);\r\n\r\n\r\n}   \r\n\r\n}\r\n\r\n}\r\n",
      "environment": "HOSTED"
    },
    {
      "id": "10905116-adbc-428e-9836-5bde8ae70809",
      "name": "Rename Groups",
      "action": "RUN_SCRIPT",
      "type": "OUTBOUND_WEBHOOK",
      "triggeredBy": "STATUS",
      "deployed": false,
      "form": "cd58bcb0-e690-4e8b-a8f1-c0875017e787",
      "script": "\r\n//Parse the payload payload\r\nvar payload = JSON.parse(request.body);\r\n\r\nif (payload.eventProperties && Array.isArray(payload.eventProperties)) {\r\n    var eventProperties = payload.eventProperties;\r\n    payload.eventProperties = {};\r\n\r\n    for (var i = 0; i < eventProperties.length; i++) {\r\n        var eventProperty = eventProperties[i];\r\n        var key = Object.keys(eventProperty)[0];\r\n        payload.eventProperties[key] = eventProperty[key];\r\n    }\r\n}\r\nif (payload.status == \"active\"){\r\n    \r\n    var newGroupName = payload.eventProperties['New Group Name'];\r\n    var oldGroupName = payload.eventProperties['Old Group Name'];\r\n\r\n//Get group ID\r\nvar request = http.request({ \r\n     \"endpoint\": \"xMatters\",\r\n     \"path\": \"/api/xm/1/groups/\" + oldGroupName,\r\n     \"method\": \"GET\"\r\n });\r\n\r\nvar response = request.write();\r\n\r\nif (response.statusCode == 200 ) {\r\n   json = JSON.parse(response.body);\r\n   console.log(\"Retrieved group: \" + json.targetName + \". ID = \" + json.id);\r\n}\r\n\r\nvar request = http.request({ \r\n     \"endpoint\": \"xMatters\",\r\n     \"path\": \"/api/xm/1/groups/\",\r\n     \"method\": \"POST\",\r\n     \"headers\" : {\"Content-Type\": \"application/json\"}\r\n });\r\n \r\n    var groupID = json.id;\r\n\r\nvar data = {};\r\ndata.recipientType = 'GROUP';\r\ndata.id = groupID;\r\ndata.targetName = newGroupName;\r\n\r\nresponse = request.write(data);\r\n\r\nif (response.statusCode == 200){\r\n    json = JSON.parse(response.body);\r\n    console.log(\"Modified group: \" + oldGroupName + \". New name: \" + json.targetName);\r\n}\r\n\r\n} else if(payload.status == \"terminated\"){\r\n    console.log('Event Terminated. No message created');\r\n} else if(payload.status == \"terminated_external\"){\r\n     console.log('Event Terminated. No message created');\r\n} else {\r\n    console.log('No message created for event status ' + callback.status);\r\n}\r\n",
      "environment": "HOSTED"
    },
    {
      "id": "fc18c689-7b68-41bb-b849-341061e87c62",
      "name": "RLO Escalation Opt In/Out",
      "action": "RUN_SCRIPT",
      "type": "OUTBOUND_WEBHOOK",
      "triggeredBy": "STATUS",
      "deployed": true,
      "form": "61ddcbbd-1966-4fe9-8d63-d734236d0370",
      "script": "\r\n//Parse the payload payload\r\nvar payload = JSON.parse(request.body);\r\n\r\nif (payload.eventProperties && Array.isArray(payload.eventProperties)) {\r\n    var eventProperties = payload.eventProperties;\r\n    payload.eventProperties = {};\r\n\r\n    for (var i = 0; i < eventProperties.length; i++) {\r\n        var eventProperty = eventProperties[i];\r\n        var key = Object.keys(eventProperty)[0];\r\n        payload.eventProperties[key] = eventProperty[key];\r\n    }\r\n}\r\nif (payload.status == \"active\"){\r\n    \r\nvar userArray = [];\r\nif(!!payload.eventProperties.userName){\r\n               userArray = payload.eventProperties.userName.split(\",\");\r\n}\r\nconsole.log(userArray);\r\n\r\nfor(var i=0;i<userArray.length;i++){\r\n\r\n//Get group ID\r\nvar request = http.request({ \r\n     \"endpoint\": \"xMatters\",\r\n     \"path\": \"/api/xm/1/people/\" + userArray[i],\r\n     \"method\": \"GET\"\r\n });\r\n\r\nvar response = request.write();\r\n\r\n    if (response.statusCode == 200 ) {\r\n        json = JSON.parse(response.body);\r\n        console.log(\". ID = \" + json.id);\r\n}\r\n\r\nvar request = http.request({ \r\n     \"endpoint\": \"xMatters\",\r\n     \"path\": \"/api/xm/1/people\",\r\n     \"method\": \"POST\",\r\n     \"headers\" : {\"Content-Type\": \"application/json\"}\r\n });\r\n\r\n\r\nvar data = {};\r\ndata.id = json.id;\r\nvar properties = {};\r\n//Command Centre opt in/out\r\nproperties['RLO Weekend Escalation'] = payload.eventProperties['RLO Escalation Report'];\r\n\r\ndata.properties = properties;\r\n\r\nresponse = request.write(data);\r\n\r\nif (response.statusCode == 200) {\r\n   json = JSON.parse(response.body);\r\n   console.log( \"Modified user: \" + json.targetName + \". ID = \"+ json.id);\r\n}\r\n}\r\n}",
      "environment": "HOSTED"
    },
    {
      "id": "5e5fb75a-954b-454d-9db1-eb9669d56f8f",
      "name": "Site maintenance",
      "action": "RUN_SCRIPT",
      "type": "OUTBOUND_WEBHOOK",
      "triggeredBy": "STATUS",
      "deployed": true,
      "form": "c8c158d6-f078-4399-8166-097c4f800c6b",
      "script": "\nvar payload = JSON.parse(request.body);\n\nif (payload.eventProperties && Array.isArray(payload.eventProperties)) {\n    var eventProperties = payload.eventProperties;\n    payload.eventProperties = {};\n\n    for (var i = 0; i < eventProperties.length; i++) {\n        var eventProperty = eventProperties[i];\n        var key = Object.keys(eventProperty)[0];\n        payload.eventProperties[key] = eventProperty[key];\n    }\n}\nvar siteName = payload.eventProperties.siteName;\n\nif (payload.status == \"active\"){\n\n/**loop through the subGroups**/\nvar siteNameArray = siteName.split(\",\");\n\n/**looping through the group Names**/\nfor(var i=0;i<siteNameArray.length;i++){\n\n/**Get site ID's**/\nvar request = http.request({ \n     \"endpoint\": \"xMatters\",\n     \"path\": \"/api/xm/1/sites/\" + siteNameArray[i],\n     \"method\": \"GET\"\n });\n\nvar response = request.write();\n\nif (response.statusCode == 200 ) {\n   json = JSON.parse(response.body);\n   console.log(\"Retrieved site: \" + json.name + \". ID = \" + json.id);\n}\nelse if (response.statusCode == 404){\n    console.log(\"The site could not be found: \" + siteName);\n}\nvar siteID = json.id;\n\n/**Get site ID's**/\nvar request = http.request({ \n     \"endpoint\": \"xMatters\",\n     \"path\": \"/reapi/2015-04-01/sites/\" + siteID,\n     \"method\": \"POST\",\n     \"headers\" : {\"Content-Type\": \"application/json\"}\n });\nvar data = {};\n\n\n}\n}\n\n",
      "environment": "HOSTED"
    },
    {
      "id": "aae1e11d-8baf-4da7-a636-5efaa1daebce",
      "name": "Tech Change Opt In/Out",
      "action": "RUN_SCRIPT",
      "type": "OUTBOUND_WEBHOOK",
      "triggeredBy": "STATUS",
      "deployed": true,
      "form": "44a4e03a-3fc7-4526-972a-c349c5fad470",
      "script": "\r\n//Parse the payload payload\r\nvar payload = JSON.parse(request.body);\r\n\r\nif (payload.eventProperties && Array.isArray(payload.eventProperties)) {\r\n    var eventProperties = payload.eventProperties;\r\n    payload.eventProperties = {};\r\n\r\n    for (var i = 0; i < eventProperties.length; i++) {\r\n        var eventProperty = eventProperties[i];\r\n        var key = Object.keys(eventProperty)[0];\r\n        payload.eventProperties[key] = eventProperty[key];\r\n    }\r\n}\r\nif (payload.status == \"active\"){\r\n    \r\nvar userArray = [];\r\nif(!!payload.eventProperties.userName){\r\n               userArray = payload.eventProperties.userName.split(\",\");\r\n}\r\nconsole.log(userArray);\r\n\r\nfor(var i=0;i<userArray.length;i++){\r\n\r\n//Get group ID\r\nvar request = http.request({ \r\n     \"endpoint\": \"xMatters\",\r\n     \"path\": \"/api/xm/1/people/\" + userArray[i],\r\n     \"method\": \"GET\"\r\n });\r\n\r\nvar response = request.write();\r\n\r\n    if (response.statusCode == 200 ) {\r\n        json = JSON.parse(response.body);\r\n        console.log(\". ID = \" + json.id);\r\n}\r\n\r\nvar request = http.request({ \r\n     \"endpoint\": \"xMatters\",\r\n     \"path\": \"/api/xm/1/people\",\r\n     \"method\": \"POST\",\r\n     \"headers\" : {\"Content-Type\": \"application/json\"}\r\n });\r\n\r\n\r\nvar data = {};\r\ndata.id = json.id;\r\nvar properties = {};\r\n//Command Centre opt in/out\r\nproperties['Tech Change Notification'] = payload.eventProperties['Tech Change'];\r\n\r\ndata.properties = properties;\r\n\r\nresponse = request.write(data);\r\n\r\nif (response.statusCode == 200) {\r\n   json = JSON.parse(response.body);\r\n   console.log( \"Modified user: \" + json.targetName + \". ID = \"+ json.id);\r\n}\r\n}\r\n}",
      "environment": "HOSTED"
    },
    {
      "id": "6d520eca-ab52-40b0-9529-8ac8f5bd64c7",
      "name": "User UUID",
      "action": "RUN_SCRIPT",
      "type": "OUTBOUND_WEBHOOK",
      "triggeredBy": "STATUS",
      "deployed": false,
      "form": "8af2d21a-cec7-4799-9a06-f04ca2a62743",
      "script": "\r\n//Parse the payload payload\r\nvar payload = JSON.parse(request.body);\r\n\r\nif (payload.eventProperties && Array.isArray(payload.eventProperties)) {\r\n    var eventProperties = payload.eventProperties;\r\n    payload.eventProperties = {};\r\n\r\n    for (var i = 0; i < eventProperties.length; i++) {\r\n        var eventProperty = eventProperties[i];\r\n        var key = Object.keys(eventProperty)[0];\r\n        payload.eventProperties[key] = eventProperty[key];\r\n    }\r\n}\r\n    \r\n    var userName = payload.eventProperties.userName;\r\n    \r\nif (payload.status == \"active\"){\r\n    \r\n//var getUUID = require('getUUID');\r\n\r\nvar request = http.request({ \r\n     \"endpoint\": \"xMatters\",\r\n     \"path\": \"/api/xm/1/people/\" + userName,\r\n     \"method\": \"GET\"\r\n });\r\n\r\nvar response = request.write();\r\n\r\nif (response.statusCode == 200 ) {\r\n   json = JSON.parse(response.body);\r\n   console.log( \"Retrieved person \" + json.targetName + \". ID = \" + json.id );\r\n}\r\n\r\n}\r\n/**\r\n// Prepare the HTTP response request\r\nvar request = http.request({\r\n    'endpoint': 'xMatters',\r\n    'method': 'POST',\r\n    'path': constants.UserUUID,\r\n    'headers': {\r\n        'Content-Type': 'application/json'\r\n    }\r\n});\r\nvar json = JSON.stringify({\r\n            \"properties\": {\r\n                \"userName\": admins,\r\n                \"UUID\": json.id\r\n            },\r\n            \"recipients\": [\r\n                {\r\n                \"targetName\": 'drydenw'\r\n                }\r\n            ]\r\n        });\r\n        request.write(json);\r\n\r\n} else if(payload.status == \"terminated\"){\r\n    console.log('Event Terminated. No message created');\r\n} else if(payload.status == \"terminated_external\"){\r\n     console.log('Event Terminated. No message created');\r\n} else {\r\n    console.log('No message created for event status ' + callback.status);\r\n}\r\n**/",
      "environment": "HOSTED"
    }
  ],
  "endpoints": [],
  "constants": [
    {
      "name": "APIFormURL",
      "value": "/reapi/2015-04-01/forms/22212cac-e1b0-46f8-a3f0-0a9eb39f32ba/triggers"
    },
    {
      "name": "inboundURL",
      "value": "/api/integration/1/functions/67ba0b23-1659-444f-b43b-d557900a1dce/triggers?apiKey=839966c4-773b-49aa-97d3-e55b65b4187e"
    },
    {
      "name": "userGroupsFormURL",
      "value": "/reapi/2015-04-01/forms/78279066-3fd3-4955-b13a-0e9afc1f2d97/triggers"
    },
    {
      "name": "UserUUID",
      "value": "/reapi/2015-04-01/forms/ff41c2e3-932d-4fa8-bd8b-319c60991a67/triggers"
    }
  ]
}