[
  {
    "name": "getUUID",
    "script": "var payload = JSON.parse(request.body);\r\n\r\nif (payload.eventProperties && Array.isArray(payload.eventProperties)) {\r\n    var eventProperties = payload.eventProperties;\r\n    payload.eventProperties = {};\r\n\r\n    for (var i = 0; i < eventProperties.length; i++) {\r\n        var eventProperty = eventProperties[i];\r\n        var key = Object.keys(eventProperty)[0];\r\n        payload.eventProperties[key] = eventProperty[key];\r\n    }\r\n}\r\n    \r\n    var userName = payload.eventProperties.userName;\r\n    \r\nvar request = http.request({ \r\n     \"endpoint\": \"xMatters\",\r\n     \"path\": \"/api/xm/1/people/\" + userName,\r\n     \"method\": \"GET\"\r\n });\r\n\r\nvar response = request.write();"
  },
  {
    "name": "LTUsers",
    "script": "\r\n//Parse the payload payload\r\nvar payload = JSON.parse(request.body);\r\n\r\nif (payload.eventProperties && Array.isArray(payload.eventProperties)) {\r\n    var eventProperties = payload.eventProperties;\r\n    payload.eventProperties = {};\r\n\r\n    for (var i = 0; i < eventProperties.length; i++) {\r\n        var eventProperty = eventProperties[i];\r\n        var key = Object.keys(eventProperty)[0];\r\n        payload.eventProperties[key] = eventProperty[key];\r\n    }\r\n}\r\nif (payload.status == \"active\"){\r\n\r\nvar gName = payload.eventProperties.groupName;\r\nvar gdescription = payload.eventProperties.description;\r\nvar observedByAll = payload.eventProperties.observedByAll;\r\nvar gstatus = payload.eventProperties['Group Status'];\r\n\r\nvar request = http.request({ \r\n     \"endpoint\": \"xMatters\",\r\n     \"path\": \"/api/xm/1/groups/\" + gName,\r\n     \"method\": \"GET\"\r\n });\r\n\r\nvar response = request.write();\r\n\r\nif (response.statusCode == 200 ) {\r\n   json = JSON.parse(response.body);\r\n   console.log(\"Retrieved group: \" + json.targetName + \". ID = \" + json.id);\r\n}\r\nvar groupID = json.id;\r\n\r\nvar request = http.request({ \r\n     \"endpoint\": \"xMatters\",\r\n     \"path\": \"/api/xm/1/groups/\",\r\n     \"method\": \"POST\",\r\n     \"headers\" : {\"Content-Type\": \"application/json\"}\r\n });\r\n\r\nvar data = {};\r\ndata.recipientType = 'GROUP';\r\ndata.id = groupID;\r\nvar supervisors = [];\r\n//drydenw\r\nsupervisors.push(\"d9ddf5bc-e875-497d-977f-cf170588bacf\");\r\n//maon\r\nsupervisors.push(\"ec859b67-a41e-4d0c-bf57-3f59ad14b6ca\");\r\n//ranas1\r\nsupervisors.push(\"fca92d69-def8-4346-9420-31e67af3abd4\");\r\n//bunneyr\r\nsupervisors.push(\"4a9c1f62-cefe-4677-842e-c2dc5fcdfec1\");\r\n//dabholkd\r\nsupervisors.push(\"a15ffa6a-eace-4d3f-af70-25357815f0c7\");\r\n//srinivaa\r\nsupervisors.push(\"e385e0b1-cca7-4fb0-8fa6-ab0d5ec6387f\");\r\n//kooverjp\r\nsupervisors.push(\"14e9b182-b97b-4447-827e-30de1e6f7f7b\");\r\n//vov2\r\nsupervisors.push(\"d2de5bdc-a3c9-428a-9f42-e86d194331be\");\r\n//trann3\r\nsupervisors.push(\"5f1417fb-3319-4176-a3ff-99df645205c5\");\r\n//wilkeym\r\nsupervisors.push(\"107fcca1-4839-4762-91b4-c3cd713c3b5c\");\r\n//vukasovs\r\nsupervisors.push(\"68d67505-3043-431c-b602-dd8189d4fe65\");\r\ndata.supervisors = supervisors;\r\n\r\nresponse = request.write(data);\r\n\r\nif (response.statusCode == 200){\r\n    json = JSON.parse(response.body);\r\n    console.log(\"Modified group: \" + json.targetName + \". New supervisor: \" + supervisors);\r\n}\r\n}"
  }
]