[
  {
    "baseType": 1,
    "name": "count",
    "description": "",
    "helpText": "",
    "isSystem": false,
    "minValue": "",
    "maxValue": "",
    "units": ""
  },
  {
    "baseType": 0,
    "name": "Customer Events",
    "description": "",
    "helpText": "",
    "isSystem": false
  },
  {
    "baseType": 3,
    "name": "description",
    "defaultValue": "",
    "description": "",
    "helpText": "",
    "isSystem": false,
    "minLength": 0,
    "maxLength": 1000,
    "validationRegex": "",
    "isValidate": false
  },
  {
    "baseType": 3,
    "name": "Devices",
    "defaultValue": "",
    "description": "",
    "helpText": "",
    "isSystem": false,
    "minLength": 0,
    "maxLength": 20000,
    "validationRegex": "",
    "isValidate": false
  },
  {
    "baseType": 3,
    "name": "Division",
    "defaultValue": "",
    "description": "",
    "helpText": "",
    "isSystem": false,
    "minLength": 0,
    "maxLength": 500,
    "validationRegex": "",
    "isValidate": false
  },
  {
    "baseType": 3,
    "name": "firstName",
    "defaultValue": "",
    "description": "",
    "helpText": "",
    "isSystem": false,
    "minLength": 0,
    "maxLength": 100,
    "validationRegex": "",
    "isValidate": false
  },
  {
    "baseType": 3,
    "name": "form",
    "defaultValue": "",
    "description": "",
    "helpText": "",
    "isSystem": false,
    "minLength": 0,
    "maxLength": 200,
    "validationRegex": "",
    "isValidate": false
  },
  {
    "baseType": 0,
    "name": "Generic User",
    "description": "",
    "helpText": "",
    "isSystem": false
  },
  {
    "baseType": 3,
    "name": "groupName",
    "defaultValue": "",
    "description": "Comma delineation for multiple entries",
    "helpText": "Comma delineation for multiple entries",
    "isSystem": false,
    "minLength": 0,
    "maxLength": 20000,
    "validationRegex": "",
    "isValidate": false
  },
  {
    "baseType": 3,
    "name": "Group Name",
    "defaultValue": "",
    "description": "Type the name of the group you would like to perform maintenance on.",
    "helpText": "Type the name of the group you would like to perform maintenance on.",
    "isSystem": false,
    "minLength": 0,
    "maxLength": 100,
    "validationRegex": "",
    "isValidate": false
  },
  {
    "baseType": 21,
    "name": "Group Status",
    "description": "",
    "helpText": "",
    "isSystem": false,
    "values": [
      {
        "value": "ACTIVE",
        "isDefault": true,
        "isVisible": true
      },
      {
        "value": "INACTIVE",
        "isDefault": false,
        "isVisible": true
      }
    ]
  },
  {
    "baseType": 0,
    "name": "Health reports",
    "description": "",
    "helpText": "",
    "isSystem": false
  },
  {
    "baseType": 3,
    "name": "lastName",
    "defaultValue": "",
    "description": "",
    "helpText": "",
    "isSystem": false,
    "minLength": 0,
    "maxLength": 100,
    "validationRegex": "",
    "isValidate": false
  },
  {
    "baseType": 3,
    "name": "New Group Name",
    "defaultValue": "",
    "description": "",
    "helpText": "",
    "isSystem": false,
    "minLength": 0,
    "maxLength": 2000,
    "validationRegex": "",
    "isValidate": false
  },
  {
    "baseType": 0,
    "name": "observedByAll",
    "defaultValue": "true",
    "description": "",
    "helpText": "",
    "isSystem": false
  },
  {
    "baseType": 3,
    "name": "Old Group Name",
    "defaultValue": "",
    "description": "",
    "helpText": "",
    "isSystem": false,
    "minLength": 0,
    "maxLength": 2000,
    "validationRegex": "",
    "isValidate": false
  },
  {
    "baseType": 3,
    "name": "People",
    "defaultValue": "",
    "description": "",
    "helpText": "",
    "isSystem": false,
    "minLength": 0,
    "maxLength": 20000,
    "validationRegex": "",
    "isValidate": false
  },
  {
    "baseType": 21,
    "name": "Receive Health Reports",
    "description": "",
    "helpText": "",
    "isSystem": false,
    "values": [
      {
        "value": "TRUE",
        "isDefault": false,
        "isVisible": true
      },
      {
        "value": "FALSE",
        "isDefault": false,
        "isVisible": true
      }
    ]
  },
  {
    "baseType": 21,
    "name": "Record Type",
    "description": "Choose the type of maintenance you want to perform",
    "helpText": "",
    "isSystem": false,
    "values": [
      {
        "value": "GROUP",
        "isDefault": false,
        "isVisible": true
      },
      {
        "value": "PERSON",
        "isDefault": false,
        "isVisible": true
      },
      {
        "value": "DEVICE",
        "isDefault": false,
        "isVisible": true
      }
    ]
  },
  {
    "baseType": 0,
    "name": "RLO Escalation Report",
    "description": "",
    "helpText": "",
    "isSystem": false
  },
  {
    "baseType": 3,
    "name": "siteName",
    "defaultValue": "",
    "description": "",
    "helpText": "",
    "isSystem": false,
    "minLength": 0,
    "maxLength": 20000,
    "validationRegex": "",
    "isValidate": false
  },
  {
    "baseType": 3,
    "name": "Sub Group Name/s",
    "defaultValue": "",
    "description": "Comma delineation without spaces for multiple entries ie: group1,group2,group3,group4",
    "helpText": "Comma delineation without spaces for multiple entries ie: group1,group2,group3,group4",
    "isSystem": false,
    "minLength": 0,
    "maxLength": 20000,
    "validationRegex": "\\w+,\\w+",
    "isValidate": false
  },
  {
    "baseType": 3,
    "name": "supervisors",
    "defaultValue": "",
    "description": "Comma delineation for multiple entries",
    "helpText": "Comma delineation for multiple entries",
    "isSystem": false,
    "minLength": 0,
    "maxLength": 20000,
    "validationRegex": "",
    "isValidate": false
  },
  {
    "baseType": 3,
    "name": "targetname",
    "defaultValue": "",
    "description": "",
    "helpText": "",
    "isSystem": false,
    "minLength": 0,
    "maxLength": 20000,
    "validationRegex": "",
    "isValidate": false
  },
  {
    "baseType": 3,
    "name": "Team Name",
    "defaultValue": "",
    "description": "",
    "helpText": "",
    "isSystem": false,
    "minLength": 0,
    "maxLength": 500,
    "validationRegex": "",
    "isValidate": false
  },
  {
    "baseType": 0,
    "name": "Tech Change",
    "description": "",
    "helpText": "",
    "isSystem": false
  },
  {
    "baseType": 1,
    "name": "total",
    "description": "",
    "helpText": "",
    "isSystem": false,
    "minValue": "",
    "maxValue": "",
    "units": ""
  },
  {
    "baseType": 0,
    "name": "useDefaultDevices",
    "defaultValue": "true",
    "description": "",
    "helpText": "",
    "isSystem": false
  },
  {
    "baseType": 3,
    "name": "userName",
    "defaultValue": "",
    "description": "",
    "helpText": "",
    "isSystem": false,
    "minLength": 0,
    "maxLength": 20000,
    "validationRegex": "",
    "isValidate": false
  },
  {
    "baseType": 3,
    "name": "Users No Devices",
    "defaultValue": "",
    "description": "",
    "helpText": "",
    "isSystem": false,
    "minLength": 0,
    "maxLength": 20000,
    "validationRegex": "",
    "isValidate": false
  },
  {
    "baseType": 3,
    "name": "Users No Group",
    "defaultValue": "",
    "description": "",
    "helpText": "",
    "isSystem": false,
    "minLength": 0,
    "maxLength": 20000,
    "validationRegex": "",
    "isValidate": false
  },
  {
    "baseType": 21,
    "name": "userStatus",
    "description": "",
    "helpText": "",
    "isSystem": false,
    "values": [
      {
        "value": "ACTIVE",
        "isDefault": false,
        "isVisible": true
      },
      {
        "value": "INACTIVE",
        "isDefault": false,
        "isVisible": true
      }
    ]
  },
  {
    "baseType": 3,
    "name": "UUID",
    "defaultValue": "",
    "description": "",
    "helpText": "",
    "isSystem": false,
    "minLength": 0,
    "maxLength": 1000,
    "validationRegex": "",
    "isValidate": false
  }
]